WiFi - standardowe narzędzie,2011.02.25 piątek
Instalacja programu .msi w linuxie,2012.08.12 niedziela
Przycinanie nazwy pliku i katalogu w Bash,2012.09.17 poniedziałek
Przestrzeń wolna (free) a dostępna (available) na dysku pod Linux,2015.07.24 piątek
Sprawdzanie pod Linux rodzaju pamięci RAM,2015.07.27 poniedziałek
Ściąga z komend Unix'a,2015.08.08 sobota
Uruchamianie windowsowej gry firmy Artifex Mundi pod Linux 64bit,2015.08.25 wtorek
Nauka Linuksa za darmo na LinuxJourney.com,2016.06.08 środa
Wyszukiwanie w Linux pakietu zawierającego brakujący plik dla Pythona,2015.08.05 środa
WiFi - standardowe narzędzie,2011.02.25 piątek
Instalacja programu .msi w linuxie,2012.08.12 niedziela
Przycinanie nazwy pliku i katalogu w Bash,2012.09.17 poniedziałek
Przestrzeń wolna (free) a dostępna (available) na dysku pod Linux,2015.07.24 piątek
Sprawdzanie pod Linux rodzaju pamięci RAM,2015.07.27 poniedziałek
Wyszukiwanie w Linux pakietu zawierającego brakujący plik dla Pythona,2015.08.05 środa
Uruchamianie windowsowej gry firmy Artifex Mundi pod Linux 64bit,2015.08.25 wtorek
Nauka Linuksa za darmo na LinuxJourney.com,2016.06.08 środa
Ściąga z komend Unix'a,2015.08.08 sobota
Przycinanie nazwy pliku i katalogu w Bash,2012.09.17 poniedziałek
Przestrzeń wolna (free) a dostępna (available) na dysku pod Linux,2015.07.24 piątek
Sprawdzanie pod Linux rodzaju pamięci RAM,2015.07.27 poniedziałek
Wyszukiwanie w Linux pakietu zawierającego brakujący plik dla Pythona,2015.08.05 środa
Ściąga z komend Unix'a,2015.08.08 sobota
WiFi - standardowe narzędzie,2011.02.25 piątek
Instalacja programu .msi w linuxie,2012.08.12 niedziela
Uruchamianie windowsowej gry firmy Artifex Mundi pod Linux 64bit,2015.08.25 wtorek
Nauka Linuksa za darmo na LinuxJourney.com,2016.06.08 środa
